tour,year,player,entry_rank,target_reached_qf,quarterfinal_probability
ATP,2019,Anderson K.,8,0,0.039511
ATP,2019,Herbert P.H.,39,0,0.007456
ATP,2019,Auger-Aliassime F.,21,0,0.035877
ATP,2019,Pospisil V.,187,0,0.429723
ATP,2019,Bautista Agut R.,22,1,0.187924
ATP,2019,Gojowczyk P.,121,0,0.010407
ATP,2019,Carballes Baena R.,74,0,0.008923
ATP,2019,Kecmanovic M.,67,0,0.258065
ATP,2019,Carreno Busta P.,50,0,0.929741
ATP,2019,Popyrin A.,101,0,0.097147
ATP,2019,Dimitrov G.,49,0,0.003369
ATP,2019,Moutet C.,84,0,0.009546
ATP,2019,Dzumhur D.,91,0,0.030961
ATP,2019,Cuevas P.,45,0,0.016981
ATP,2019,Edmund K.,30,0,0.008182
ATP,2019,Munar J.,90,0,0.019555
ATP,2019,Giron M.,155,0,0.236779
ATP,2019,Lopez F.,54,0,0.012901
ATP,2019,Goffin D.,23,1,0.009838
ATP,2019,Klahn B.,87,0,0.012958
ATP,2019,Gulbis E.,92,0,0.007850
ATP,2019,Mayer L.,59,0,0.021204
ATP,2019,Haase R.,76,0,0.022191
ATP,2019,Kovalik J.,165,0,0.009006
ATP,2019,Jarry N.,53,0,0.064201
ATP,2019,Seppi A.,73,0,0.005436
ATP,2019,Karlovic I.,80,0,0.009615
ATP,2019,Arnaboldi A.,219,0,0.046516
ATP,2019,Khachanov K.,9,0,0.006572
ATP,2019,Kwon S.W.,125,0,0.016339
ATP,2019,Klizan M.,56,0,0.011180
ATP,2019,Chardy J.,81,0,0.018776
ATP,2019,Kohlschreiber P.,57,0,0.004309
ATP,2019,Djokovic N.,1,1,0.016436
ATP,2019,Kudla D.,111,0,0.062849
ATP,2019,Jaziri M.,100,0,0.014726
ATP,2019,Lajovic D.,36,0,0.014371
ATP,2019,Hurkacz H.,48,0,0.103366
ATP,2019,Lorenzi P.,106,0,0.048186
ATP,2019,Medvedev D.,13,0,0.023837
ATP,2019,Nishioka Y.,68,0,0.014053
ATP,2019,Tipsarevic J.,288,0,0.115335
ATP,2019,Paire B.,32,0,0.330891
ATP,2019,Londero J.I.,60,0,0.007684
ATP,2019,Pella G.,26,1,0.010386
ATP,2019,Copil M.,88,0,0.098981
ATP,2019,Raonic M.,17,0,0.015638
ATP,2019,Gunneswaran P.,93,0,0.024514
ATP,2019,Sonego L.,46,0,0.011278
ATP,2019,Granollers M.,105,0,0.004667
ATP,2019,Stebe C.M.,518,0,0.005327
ATP,2019,Opelka R.,63,0,0.157568
ATP,2019,Tsitsipas S.,6,0,0.018982
ATP,2019,Fabbiano T.,89,0,0.313777
ATP,2019,Verdasco F.,37,0,0.011276
ATP,2019,Majchrzak K.,108,0,0.015566
ATP,2019,Vesely J.,124,0,0.071217
ATP,2019,Zverev A.,5,0,0.003032
ATP,2019,Wawrinka S.,19,0,0.065216
ATP,2019,Bemelmans R.,171,0,0.035548
ATP,2019,Zverev M.,213,0,0.006882
ATP,2019,Darcis S.,221,0,0.073356
ATP,2019,Albot R.,40,0,0.025629
ATP,2019,Struff J.L.,33,0,0.171220
ATP,2019,Baghdatis M.,135,0,0.010835
ATP,2019,Schnur B.,112,0,0.026365
ATP,2019,Bedene A.,85,0,0.013951
ATP,2019,Berrettini M.,20,0,0.007853
ATP,2019,Berankis R.,77,0,0.107945
ATP,2019,Shapovalov D.,27,0,0.003760
ATP,2019,Bublik A.,82,0,0.007885
ATP,2019,Barrere G.,116,0,0.223219
ATP,2019,Caruso S.,123,0,0.035775
ATP,2019,Simon G.,25,0,0.464822
ATP,2019,De Minaur A.,29,0,0.037361
ATP,2019,Cecchinato M.,41,0,0.004632
ATP,2019,Delbonis F.,75,0,0.006666
ATP,2019,Evans D.,61,0,0.017607
ATP,2019,Djere L.,35,0,0.837952
ATP,2019,Andreozzi G.,114,0,0.013480
ATP,2019,Ebden M.,95,0,0.012369
ATP,2019,Schwartzman D.,24,0,0.105977
ATP,2019,Federer R.,3,1,0.007658
ATP,2019,Harris L.,86,0,0.010329
ATP,2019,Fritz T.,31,0,0.050504
ATP,2019,Berdych T.,110,0,0.011616
ATP,2019,Fucsovics M.,51,0,0.016850
ATP,2019,Novak D.,104,0,0.045863
ATP,2019,Garin C.,34,0,0.017046
ATP,2019,Rublev A.,79,0,0.803994
ATP,2019,Gasquet R.,47,0,0.106921
ATP,2019,Pouille L.,28,0,0.020278
ATP,2019,Johnson S.,71,0,0.030154
ATP,2019,Ramos-Vinolas A.,99,0,0.007019
ATP,2019,Koepfer D.,130,0,0.041313
ATP,2019,Krajinovic F.,52,0,0.007980
ATP,2019,Kukushkin M.,58,0,0.035433
ATP,2019,Andujar P.,78,0,0.005929
ATP,2019,Mannarino A.,42,0,0.432626
ATP,2019,Cilic M.,18,0,0.030203
ATP,2019,Millman J.,64,0,0.006607
ATP,2019,Dellien H.,83,0,0.138168
ATP,2019,Nishikori K.,7,1,0.015627
ATP,2019,Monteiro T.,113,0,0.012058
ATP,2019,Norrie C.,55,0,0.055929
ATP,2019,Istomin D.,115,0,0.006617
ATP,2019,Querrey S.,65,1,0.017445
ATP,2019,Thiem D.,4,0,0.009336
ATP,2019,Rubin N.,182,0,0.012994
ATP,2019,Clarke J.,169,0,0.051133
ATP,2019,Ruud C.,62,0,0.035634
ATP,2019,Isner J.,12,0,0.034625
ATP,2019,Sousa J.,69,0,0.019348
ATP,2019,Jubb P.,431,0,0.014917
ATP,2019,Sugita Y.,274,0,0.006884
ATP,2019,Nadal R.,2,1,0.002893
ATP,2019,Thompson J.,44,0,0.308601
ATP,2019,Kyrgios N.,43,0,0.047312
ATP,2019,Tiafoe F.,38,0,0.021389
ATP,2019,Fognini F.,10,0,0.003077
ATP,2019,Tsonga J.W.,72,0,0.002030
ATP,2019,Tomic B.,96,0,0.012283
ATP,2019,Uchiyama Y.,180,0,0.031293
ATP,2019,Sandgren T.,94,0,0.012150
ATP,2019,Ward J.,195,0,0.036448
ATP,2019,Basilashvili N.,16,0,0.004735
ATP,2021,Barrios M.,209,0,0.042863
ATP,2021,Anderson K.,102,0,0.005236
ATP,2021,Basilashvili N.,28,0,0.038821
ATP,2021,Murray A.,118,0,0.428955
ATP,2021,Cecchinato M.,86,0,0.165418
ATP,2021,Broady L.,143,0,0.009648
ATP,2021,Delbonis F.,47,0,0.010024
ATP,2021,Rublev A.,7,0,0.233914
ATP,2021,Djokovic N.,1,1,0.935343
ATP,2021,Draper J.,253,0,0.094222
ATP,2021,Fucsovics M.,48,1,0.003244
ATP,2021,Sinner J.,23,0,0.010314
ATP,2021,Kecmanovic M.,49,0,0.027670
ATP,2021,Bagnis F.,92,0,0.015609
ATP,2021,Khachanov K.,29,1,0.009673
ATP,2021,Mcdonald M.,108,0,0.022195
ATP,2021,Kudla D.,114,0,0.255677
ATP,2021,Davidovich Fokina A.,35,0,0.014172
ATP,2021,Martinez P.,107,0,0.008822
ATP,2021,Travaglia S.,88,0,0.012140
ATP,2021,Millman J.,43,0,0.008741
ATP,2021,Bautista Agut R.,10,0,0.022380
ATP,2021,Opelka R.,32,0,0.019107
ATP,2021,Koepfer D.,62,0,0.007352
ATP,2021,Pospisil V.,65,0,0.064330
ATP,2021,Carballes Baena R.,100,0,0.004971
ATP,2021,Sousa J.,120,0,0.009007
ATP,2021,Seppi A.,90,0,0.041368
ATP,2021,Tsitsipas S.,4,0,0.005028
ATP,2021,Tiafoe F.,57,0,0.015152
ATP,2021,Vesely J.,72,0,0.012617
ATP,2021,Hanfmann Y.,99,0,0.020743
ATP,2021,Andujar P.,70,0,0.003087
ATP,2021,Herbert P.H.,101,0,0.017549
ATP,2021,Bolt A.,149,0,0.063408
ATP,2021,Krajinovic F.,44,0,0.016965
ATP,2021,Clarke J.,230,0,0.014397
ATP,2021,Gerasimov E.,73,0,0.091890
ATP,2021,Cuevas P.,84,0,0.046476
ATP,2021,Djere L.,55,0,0.022039
ATP,2021,Fognini F.,31,0,0.014223
ATP,2021,Ramos-Vinolas A.,39,0,0.114907
ATP,2021,Gombos N.,94,0,0.309499
ATP,2021,Sandgren T.,68,0,0.007221
ATP,2021,Griekspoor T.,124,0,0.010672
ATP,2021,Zverev A.,6,0,0.107284
ATP,2021,Harris L.,51,0,0.015878
ATP,2021,Berankis R.,80,0,0.021210
ATP,2021,Hoang A.,156,0,0.010617
ATP,2021,Zhang Z.H.,175,0,0.004728
ATP,2021,Hurkacz H.,18,1,0.004985
ATP,2021,Musetti L.,63,0,0.158753
ATP,2021,Kohlschreiber P.,115,0,0.018478
ATP,2021,Shapovalov D.,12,1,0.299084
ATP,2021,Korda S.,50,0,0.008293
ATP,2021,De Minaur A.,15,0,0.015740
ATP,2021,Kwon S.W.,71,0,0.061886
ATP,2021,Masur D.,222,0,0.002299
ATP,2021,Lajovic D.,42,0,0.060051
ATP,2021,Simon G.,97,0,0.032195
ATP,2021,Lopez F.,89,0,0.007464
ATP,2021,Evans D.,26,0,0.064370
ATP,2021,Lu Y.,625,0,0.027059
ATP,2021,Polmans M.,154,0,0.166450
ATP,2021,Rinderknech A.,109,0,0.010562
ATP,2021,Otte O.,151,0,0.024925
ATP,2021,Schwartzman D.,11,0,0.015807
ATP,2021,Paire B.,46,0,0.007230
ATP,2021,Struff J.L.,45,0,0.095710
ATP,2021,Medvedev D.,2,0,0.002996
ATP,2021,Sugita Y.,110,0,0.007890
ATP,2021,Gasquet R.,56,0,0.246617
ATP,2021,Alcaraz C.,75,0,0.038555
ATP,2021,Uchiyama Y.,116,0,0.464164
ATP,2021,Carreno Busta P.,13,0,0.043170
ATP,2021,Querrey S.,54,0,0.004572
ATP,2021,Caruso S.,96,0,0.005772
ATP,2021,Cilic M.,37,0,0.018331
ATP,2021,Chardy J.,61,0,0.849898
ATP,2021,Karatsev A.,24,0,0.012765
ATP,2021,Coria F.,87,0,0.011849
ATP,2021,Galan D.E.,112,0,0.117994
ATP,2021,Duckworth J.,91,0,0.007493
ATP,2021,Albot R.,93,0,0.010582
ATP,2021,Fritz T.,40,0,0.045420
ATP,2021,Nakashima B.,138,0,0.012822
ATP,2021,Giron M.,66,0,0.018688
ATP,2021,Ruusuvuori E.,76,0,0.038088
ATP,2021,Isner J.,33,0,0.014680
ATP,2021,Nishioka Y.,58,0,0.829185
ATP,2021,Ivashka I.,79,0,0.095882
ATP,2021,Munar J.,69,0,0.018681
ATP,2021,Johnson S.,74,0,0.031739
ATP,2021,Novak D.,122,0,0.006536
ATP,2021,Kukushkin M.,105,0,0.055992
ATP,2021,Bublik A.,38,0,0.007422
ATP,2021,Kyrgios N.,60,0,0.030433
ATP,2021,Humbert U.,25,0,0.005698
ATP,2021,Mager G.,77,0,0.444332
ATP,2021,Londero J.I.,129,0,0.034883
ATP,2021,Monfils G.,17,0,0.006834
ATP,2021,O Connell C.,130,0,0.128637
ATP,2021,Monteiro T.,81,0,0.012350
ATP,2021,Auger-Aliassime F.,19,1,0.012280
ATP,2021,Moutet C.,83,0,0.058974
ATP,2021,Bedene A.,64,0,0.006339
ATP,2021,Norrie C.,34,0,0.015961
ATP,2021,Pouille L.,95,0,0.008215
ATP,2021,Pella G.,59,0,0.010682
ATP,2021,Berrettini M.,9,1,0.052557
ATP,2021,Popyrin A.,67,0,0.033948
ATP,2021,Nishikori K.,53,0,0.035926
ATP,2021,Sonego L.,27,0,0.017633
ATP,2021,Sousa P.,121,0,0.014829
ATP,2021,Thompson J.,78,0,0.005914
ATP,2021,Ruud C.,14,0,0.002232
ATP,2021,Trungelliti M.,205,0,0.327136
ATP,2021,Bonzi B.,119,0,0.047678
ATP,2021,Tsonga J.W.,85,0,0.019439
ATP,2021,Ymer M.,98,0,0.002531
ATP,2021,Van De Zandschulp B.,139,0,0.001660
ATP,2021,Barrere G.,131,0,0.011150
ATP,2021,Verdasco F.,106,0,0.029585
ATP,2021,Dimitrov G.,21,0,0.012622
ATP,2021,Zapata Miralles B.,125,0,0.040264
ATP,2021,Garin C.,20,0,0.004716
ATP,2022,Bedene A.,200,0,0.036686
ATP,2022,Marterer M.,172,0,0.010220
ATP,2022,Coria F.,67,0,0.039861
ATP,2022,Vesely J.,68,0,0.440261
ATP,2022,Couacaud E.,206,0,0.182954
ATP,2022,Isner J.,24,0,0.008471
ATP,2022,Davidovich Fokina A.,37,0,0.008323
ATP,2022,Hurkacz H.,10,0,0.264733
ATP,2022,Djokovic N.,3,1,0.923526
ATP,2022,Kwon S.W.,81,0,0.087500
ATP,2022,Etcheverry T.,77,0,0.003102
ATP,2022,Humbert U.,112,0,0.008446
ATP,2022,Fognini F.,63,0,0.035005
ATP,2022,Griekspoor T.,53,0,0.018732
ATP,2022,Fucsovics M.,59,0,0.009411
ATP,2022,Bublik A.,38,0,0.019014
ATP,2022,Halys Q.,82,0,0.254787
ATP,2022,Paire B.,73,0,0.012582
ATP,2022,Kecmanovic M.,30,0,0.010277
ATP,2022,Millman J.,85,0,0.011008
ATP,2022,Kokkinakis T.,79,0,0.007983
ATP,2022,Majchrzak K.,91,0,0.023107
ATP,2022,Monteiro T.,89,0,0.023548
ATP,2022,Munar J.,71,0,0.011381
ATP,2022,Murray A.,52,0,0.064818
ATP,2022,Duckworth J.,74,0,0.005574
ATP,2022,Norrie C.,12,1,0.008528
ATP,2022,Andujar P.,100,0,0.052126
ATP,2022,Otte O.,36,0,0.005524
ATP,2022,Gojowczyk P.,92,0,0.019421
ATP,2022,Paul T.,32,0,0.011511
ATP,2022,Verdasco F.,115,0,0.023103
ATP,2022,Purcell M.,209,0,0.004099
ATP,2022,Mannarino A.,86,0,0.018277
ATP,2022,Rosol L.,280,0,0.073290
ATP,2022,Basilashvili N.,26,0,0.017058
ATP,2022,Ruud C.,6,0,0.013596
ATP,2022,Ramos-Vinolas A.,39,0,0.110395
ATP,2022,Struff J.L.,155,0,0.056121
ATP,2022,Alcaraz C.,7,0,0.019493
ATP,2022,Tabilo A.,78,0,0.013913
ATP,2022,Djere L.,57,0,0.131470
ATP,2022,Van Rijthoven T.,104,0,0.328637
ATP,2022,Delbonis F.,84,0,0.008228
ATP,2022,Vavassori A.,256,0,0.010914
ATP,2022,Tiafoe F.,28,0,0.122792
ATP,2022,Wawrinka S.,267,0,0.018421
ATP,2022,Sinner J.,13,1,0.026679
ATP,2022,Albot R.,113,0,0.009425
ATP,2022,Goffin D.,58,1,0.005007
ATP,2022,Altmaier D.,61,0,0.005648
ATP,2022,Ymer M.,88,0,0.172903
ATP,2022,Auger-Aliassime F.,9,0,0.020324
ATP,2022,Cressy M.,45,0,0.304737
ATP,2022,Baez S.,35,0,0.011601
ATP,2022,Daniel T.,118,0,0.018747
ATP,2022,Balazs A.,331,0,0.087606
ATP,2022,Bautista Agut R.,19,0,0.003166
ATP,2022,Berankis R.,106,0,0.069965
ATP,2022,Querrey S.,157,0,0.039729
ATP,2022,Bonzi B.,47,0,0.007526
ATP,2022,Kolar Z.,119,0,0.073002
ATP,2022,Broady L.,132,0,0.027613
ATP,2022,Klein L.,243,0,0.182409
ATP,2022,Cerundolo F.,41,0,0.011713
ATP,2022,Nadal R.,4,1,0.026769
ATP,2022,Clarke J.,156,0,0.015173
ATP,2022,Harrison C.,251,0,0.007395
ATP,2022,De Minaur A.,27,0,0.131022
ATP,2022,Dellien H.,80,0,0.003357
ATP,2022,Draper J.,94,0,0.008465
ATP,2022,Bergs Z.,146,0,0.238996
ATP,2022,Evans D.,33,0,0.040625
ATP,2022,Kubler J.,99,0,0.501378
ATP,2022,Fritz T.,14,1,0.040730
ATP,2022,Musetti L.,70,0,0.004132
ATP,2022,Galan D.E.,109,0,0.007145
ATP,2022,Koepfer D.,117,0,0.014946
ATP,2022,Gaston H.,66,0,0.848447
ATP,2022,Popyrin A.,83,0,0.012911
ATP,2022,Gray A.,288,0,0.011684
ATP,2022,Tseng C.H.,95,0,0.116980
ATP,2022,Grenier H.,141,0,0.007530
ATP,2022,Huesler M.A.,105,0,0.011432
ATP,2022,Jubb P.,219,0,0.052826
ATP,2022,Kyrgios N.,40,1,0.011029
ATP,2022,Kozlov S.,107,0,0.018182
ATP,2022,Schwartzman D.,15,0,0.049484
ATP,2022,Kukushkin M.,164,0,0.019035
ATP,2022,Brooksby J.,34,0,0.797079
ATP,2022,Laaksonen H.,96,0,0.124408
ATP,2022,Peniston R.,135,0,0.023150
ATP,2022,Lehecka J.,72,0,0.030276
ATP,2022,Krajinovic F.,31,0,0.007186
ATP,2022,Mcdonald M.,55,0,0.041547
ATP,2022,Borges N.,123,0,0.006150
ATP,2022,Molcan A.,51,0,0.039282
ATP,2022,Martinez P.,50,0,0.005771
ATP,2022,Nakashima B.,56,0,0.400144
ATP,2022,Kuhn N.,261,0,0.035005
ATP,2022,Nishioka Y.,101,0,0.006801
ATP,2022,Ruusuvuori E.,49,0,0.133899
ATP,2022,Novak D.,153,0,0.015956
ATP,2022,Bagnis F.,102,0,0.010935
ATP,2022,Opelka R.,18,0,0.050320
ATP,2022,Taberner C.,98,0,0.005527
ATP,2022,Rinderknech A.,62,0,0.016978
ATP,2022,Shapovalov D.,16,0,0.008380
ATP,2022,Ritschard A.,188,0,0.013179
ATP,2022,Tsitsipas S.,5,0,0.050260
ATP,2022,Rune H.,29,0,0.036091
ATP,2022,Giron M.,65,0,0.040988
ATP,2022,Sonego L.,54,0,0.018276
ATP,2022,Kudla D.,75,0,0.017548
ATP,2022,Sousa J.,60,0,0.006001
ATP,2022,Gasquet R.,69,0,0.003061
ATP,2022,Thompson J.,76,0,0.316101
ATP,2022,Carballes Baena R.,87,0,0.045484
ATP,2022,Van De Zandschulp B.,25,0,0.021244
ATP,2022,Lopez F.,240,0,0.002883
ATP,2022,Ymer E.,137,0,0.001868
ATP,2022,Garin C.,43,1,0.012313
ATP,2022,Zapata Miralles B.,90,0,0.032438
ATP,2022,Sock J.,103,0,0.012518
ATP,2023,Altmaier D.,66,0,0.038076
ATP,2023,Vukic A.,87,0,0.009695
ATP,2023,Barrios M.,133,0,0.043892
ATP,2023,Baez S.,46,0,0.444553
ATP,2023,Bublik A.,26,0,0.175110
ATP,2023,Mcdonald M.,54,0,0.007659
ATP,2023,Cachin P.,68,0,0.009397
ATP,2023,Djokovic N.,2,1,0.269090
ATP,2023,Cerundolo J.M.,111,0,0.931270
ATP,2023,Sinner J.,8,1,0.095560
ATP,2023,Galan D.E.,85,0,0.002845
ATP,2023,Nishioka Y.,27,0,0.008063
ATP,2023,Gasquet R.,51,0,0.035901
ATP,2023,Moutet C.,71,0,0.018327
ATP,2023,Goffin D.,123,0,0.011850
ATP,2023,Marozsan F.,96,0,0.019355
ATP,2023,Gojo B.,112,0,0.286038
ATP,2023,Marterer M.,170,0,0.012259
ATP,2023,Hurkacz H.,18,0,0.011466
ATP,2023,Ramos-Vinolas A.,76,0,0.011917
ATP,2023,Isner J.,103,0,0.008194
ATP,2023,Munar J.,109,0,0.022459
ATP,2023,Karatsev A.,50,0,0.030315
ATP,2023,Van Assche L.,75,0,0.011249
ATP,2023,Koepfer D.,86,0,0.058640
ATP,2023,Otte O.,233,0,0.005174
ATP,2023,Lajovic D.,56,0,0.007437
ATP,2023,Choinski J.,164,0,0.057310
ATP,2023,Lestienne C.,74,0,0.004890
ATP,2023,Broady L.,142,0,0.022035
ATP,2023,Mmoh M.,119,0,0.011728
ATP,2023,Auger-Aliassime F.,12,0,0.030504
ATP,2023,Nakashima B.,55,0,0.003793
ATP,2023,Thompson J.,70,0,0.016927
ATP,2023,Rublev A.,7,1,0.077697
ATP,2023,Purcell M.,64,0,0.018603
ATP,2023,Ruud C.,4,0,0.012488
ATP,2023,Lokoli L.,199,0,0.110298
ATP,2023,Ruusuvuori E.,47,0,0.060897
ATP,2023,Wawrinka S.,88,0,0.017630
ATP,2023,Schwartzman D.,98,0,0.012915
ATP,2023,Kecmanovic M.,41,0,0.131553
ATP,2023,Varillas J.P.,63,0,0.332012
ATP,2023,Musetti L.,16,0,0.010388
ATP,2023,Wolf J.J.,48,0,0.011099
ATP,2023,Couacaud E.,158,0,0.141669
ATP,2023,Ymer M.,59,0,0.020456
ATP,2023,Molcan A.,83,0,0.030740
ATP,2023,Alcaraz C.,1,1,0.008312
ATP,2023,Chardy J.,542,0,0.004786
ATP,2023,Etcheverry T.,32,0,0.005385
ATP,2023,Zapata Miralles B.,53,0,0.182024
ATP,2023,Evans D.,30,0,0.022854
ATP,2023,Halys Q.,79,0,0.317631
ATP,2023,Norrie C.,13,0,0.008834
ATP,2023,Machac T.,108,0,0.020823
ATP,2023,Peniston R.,268,0,0.083083
ATP,2023,Murray A.,40,0,0.002671
ATP,2023,Albot R.,107,0,0.072313
ATP,2023,Shapovalov D.,29,0,0.047802
ATP,2023,Bautista Agut R.,23,0,0.007672
ATP,2023,Safiullin R.,92,1,0.078295
ATP,2023,Cerundolo F.,19,0,0.032361
ATP,2023,Borges N.,69,0,0.198169
ATP,2023,Coria F.,104,0,0.015096
ATP,2023,Ivashka I.,102,0,0.032331
ATP,2023,Coric B.,14,0,0.014998
ATP,2023,Pella G.,308,0,0.006217
ATP,2023,Dimitrov G.,24,0,0.145756
ATP,2023,Shimabukuro S.,162,0,0.002933
ATP,2023,Djere L.,60,0,0.008981
ATP,2023,Cressy M.,58,0,0.262047
ATP,2023,Fritz T.,9,0,0.042758
ATP,2023,Hanfmann Y.,45,0,0.519641
ATP,2023,Giron M.,65,0,0.044387
ATP,2023,Dellien H.,171,0,0.004105
ATP,2023,Griekspoor T.,31,0,0.007076
ATP,2023,Fucsovics M.,67,0,0.014028
ATP,2023,Harris L.,208,0,0.827941
ATP,2023,Barrere G.,49,0,0.011947
ATP,2023,Lehecka J.,37,0,0.012094
ATP,2023,Ofner S.,72,0,0.151769
ATP,2023,Loffhagen G.,371,0,0.006814
ATP,2023,Rune H.,6,1,0.012165
ATP,2023,Mayot H.,181,0,0.058437
ATP,2023,Bonzi B.,94,0,0.010855
ATP,2023,Medvedev D.,3,1,0.017778
ATP,2023,Fery A.,391,0,0.050144
ATP,2023,Mochizuki S.,212,0,0.018385
ATP,2023,Paul T.,15,0,0.771754
ATP,2023,Monteiro T.,95,0,0.118530
ATP,2023,Eubanks C.,43,1,0.022911
ATP,2023,Muller A.,84,0,0.031117
ATP,2023,Rinderknech A.,82,0,0.007117
ATP,2023,Novak D.,159,0,0.046419
ATP,2023,Raonic M.,849,0,0.005161
ATP,2023,Popyrin A.,93,0,0.034752
ATP,2023,Stricker D.,117,0,0.005319
ATP,2023,Shelton B.,36,0,0.381910
ATP,2023,Daniel T.,106,0,0.046103
ATP,2023,Shevchenko A.,97,0,0.006382
ATP,2023,Mannarino A.,35,0,0.126556
ATP,2023,Tsitsipas S.,5,0,0.015044
ATP,2023,Thiem D.,91,0,0.009744
ATP,2023,Vesely J.,528,0,0.052361
ATP,2023,Korda S.,25,0,0.004924
ATP,2023,Wu Y.,62,0,0.018555
ATP,2023,Tiafoe F.,10,0,0.007910
ATP,2023,Carballes Baena R.,57,0,0.010462
ATP,2023,Arnaldi M.,80,0,0.055156
ATP,2023,Davidovich Fokina A.,34,0,0.034863
ATP,2023,Fils A.,61,0,0.048015
ATP,2023,De Minaur A.,17,0,0.019411
ATP,2023,Coppejans K.,188,0,0.018339
ATP,2023,Huesler M.A.,81,0,0.005094
ATP,2023,Watanuki Y.,116,0,0.002882
ATP,2023,Humbert U.,39,0,0.302634
ATP,2023,Kubler J.,77,0,0.047624
ATP,2023,Jarry N.,28,0,0.021095
ATP,2023,Cecchinato M.,89,0,0.002591
ATP,2023,Medjedovic H.,156,0,0.001774
ATP,2023,O Connell C.,73,0,0.011078
ATP,2023,Sonego L.,42,0,0.032376
ATP,2023,Berrettini M.,38,0,0.013404
ATP,2023,Zhang Z.H.,52,0,0.045765
ATP,2023,Van De Zandschulp B.,44,0,0.003919
ATP,2023,Zverev A.,21,0,0.006606
ATP,2023,Brouwer G.,153,0,0.272533
ATP,2025,Altmaier D.,57,0,0.042798
ATP,2025,Diallo G.,40,0,0.007521
ATP,2025,Auger-Aliassime F.,28,0,0.042935
ATP,2025,Duckworth J.,103,0,0.484642
ATP,2025,Basavareddy N.,100,0,0.163884
ATP,2025,Tien L.,62,0,0.008116
ATP,2025,Bautista Agut R.,42,0,0.011762
ATP,2025,Norrie C.,61,1,0.242463
ATP,2025,Bergs Z.,50,0,0.947159
ATP,2025,Harris L.,320,0,0.090986
ATP,2025,Bonzi B.,64,0,0.003558
ATP,2025,Medvedev D.,9,0,0.009650
ATP,2025,Brooksby J.,101,0,0.033156
ATP,2025,Griekspoor T.,29,0,0.016286
ATP,2025,Cerundolo F.,19,0,0.014573
ATP,2025,Borges N.,37,0,0.022076
ATP,2025,Crawford O.,248,0,0.284731
ATP,2025,Bellucci M.,73,0,0.013349
ATP,2025,Darderi L.,59,0,0.011329
ATP,2025,Safiullin R.,75,0,0.011081
ATP,2025,Fearnley J.,51,0,0.009463
ATP,2025,Fonseca J.,54,0,0.023828
ATP,2025,Fery A.,461,0,0.021762
ATP,2025,Popyrin A.,22,0,0.009076
ATP,2025,Fognini F.,138,0,0.053858
ATP,2025,Alcaraz C.,2,1,0.005640
ATP,2025,Holt B.,99,0,0.007712
ATP,2025,Davidovich Fokina A.,27,0,0.056237
ATP,2025,Jarry N.,143,0,0.004571
ATP,2025,Rune H.,8,0,0.020981
ATP,2025,Khachanov K.,20,1,0.013429
ATP,2025,McDonald M.,88,0,0.023767
ATP,2025,Kopriva V.,78,0,0.002952
ATP,2025,Thompson J.,44,0,0.017949
ATP,2025,Lajovic D.,118,0,0.079546
ATP,2025,Harris B.,151,0,0.019474
ATP,2025,Lehecka J.,25,0,0.013241
ATP,2025,Dellien H.,79,0,0.101012
ATP,2025,Majchrzak K.,109,0,0.057246
ATP,2025,Berrettini M.,35,0,0.014460
ATP,2025,Mannarino A.,123,0,0.013576
ATP,2025,O Connell C.,77,0,0.130692
ATP,2025,Misolic F.,111,0,0.331832
ATP,2025,Struff J.L.,125,0,0.011774
ATP,2025,Quinn E.,89,0,0.011882
ATP,2025,Searle H.,421,0,0.130437
ATP,2025,Riedi L.,503,0,0.021328
ATP,2025,Tarvet O.,733,0,0.031021
ATP,2025,Rodesch C.,163,0,0.008913
ATP,2025,Garin C.,110,0,0.005136
ATP,2025,Rublev A.,14,0,0.005714
ATP,2025,Djere L.,60,0,0.179631
ATP,2025,Tiafoe F.,12,0,0.023168
ATP,2025,Moller E.,117,0,0.361813
ATP,2025,Arnaldi M.,43,0,0.007367
ATP,2025,Van De Zandschulp B.,92,0,0.020847
ATP,2025,Carballes Baena R.,74,0,0.067351
ATP,2025,De Minaur A.,11,0,0.002281
ATP,2025,Cazaux A.,115,0,0.061477
ATP,2025,Walton A.,90,0,0.046264
ATP,2025,Clarke J.,196,0,0.008896
ATP,2025,Evans D.,154,0,0.081062
ATP,2025,Collignon R.,85,0,0.027146
ATP,2025,Cilic M.,83,0,0.204039
ATP,2025,De Jong J.,106,0,0.017551
ATP,2025,Eubanks C.,130,0,0.035457
ATP,2025,Dimitrov G.,21,0,0.016280
ATP,2025,Nishioka Y.,82,0,0.006115
ATP,2025,Djokovic N.,6,1,0.118721
ATP,2025,Muller A.,41,0,0.002912
ATP,2025,Dzumhur D.,67,0,0.009843
ATP,2025,Machac T.,23,0,0.276707
ATP,2025,Faria J.,116,0,0.041133
ATP,2025,Sonego L.,47,0,0.511516
ATP,2025,Goffin D.,63,0,0.043154
ATP,2025,Hijikata R.,87,0,0.005076
ATP,2025,Holmgren A.,192,0,0.006328
ATP,2025,Halys Q.,46,0,0.015700
ATP,2025,Kecmanovic M.,49,0,0.849135
ATP,2025,Michelsen A.,32,0,0.012322
ATP,2025,Kovacevic A.,76,0,0.012613
ATP,2025,Fucsovics M.,105,0,0.158114
ATP,2025,Martinez P.,52,0,0.007461
ATP,2025,Loffhagen G.,293,0,0.013626
ATP,2025,McCabe J.,181,0,0.057877
ATP,2025,Marozsan F.,58,0,0.011878
ATP,2025,Mensik J.,17,0,0.018733
ATP,2025,Gaston H.,86,0,0.043356
ATP,2025,Mochizuki S.,144,0,0.016804
ATP,2025,Zeppieri G.,351,0,0.813907
ATP,2025,Monfils G.,48,0,0.099907
ATP,2025,Humbert U.,18,0,0.019578
ATP,2025,Moutet C.,69,0,0.030066
ATP,2025,Comesana F.,65,0,0.006903
ATP,2025,Mpetshi G.,36,0,0.061365
ATP,2025,Fritz T.,5,1,0.005514
ATP,2025,Munar J.,55,0,0.031183
ATP,2025,Bublik A.,31,0,0.005544
ATP,2025,Musetti L.,7,0,0.403943
ATP,2025,Basilashvili N.,126,0,0.051035
ATP,2025,Nardi L.,95,0,0.007059
ATP,2025,Sinner J.,1,1,0.121538
ATP,2025,Paul T.,13,0,0.013385
ATP,2025,Monday J.,224,0,0.010741
ATP,2025,Pinnington Jones J.,281,0,0.055075
ATP,2025,Etcheverry T.,53,0,0.005268
ATP,2025,Rinderknech A.,72,0,0.017883
ATP,2025,Zverev A.,3,0,0.007336
ATP,2025,Shapovalov D.,30,0,0.009546
ATP,2025,Navone M.,91,0,0.057010
ATP,2025,Shelton B.,10,1,0.032044
ATP,2025,Bolt A.,179,0,0.048580
ATP,2025,Shevchenko A.,98,0,0.015560
ATP,2025,Opelka R.,70,0,0.019789
ATP,2025,Ugo Carabelli C.,56,0,0.005304
ATP,2025,Giron M.,45,0,0.002740
ATP,2025,Vukic A.,93,0,0.299336
ATP,2025,Tseng C.H.,96,0,0.050574
ATP,2025,Zhukayev B.,247,0,0.021215
ATP,2025,Cobolli F.,24,1,0.002892
ATP,2025,Bu Y.,71,0,0.001844
ATP,2025,Nakashima B.,34,0,0.010345
WTA,2018,Azarenka V.,87,0,0.080517
WTA,2018,Alexandrova E.,110,0,0.054214
WTA,2018,Begu I.,36,0,0.011946
WTA,2018,Swan K.,204,0,0.006945
WTA,2018,Bondarenko K.,79,0,0.016054
WTA,2018,Safarova L.,66,0,0.005333
WTA,2018,Brengle M.,108,0,0.010630
WTA,2018,Krunic A.,39,0,0.003943
WTA,2018,Buzarnescu M.,28,0,0.021717
WTA,2018,Sabalenka A.,32,0,0.010665
WTA,2018,Goerges J.,13,1,0.006796
WTA,2018,Puig M.,72,0,0.009437
WTA,2018,Golubic V.,99,0,0.008222
WTA,2018,Jabeur O.,130,0,0.745702
WTA,2018,Keys M.,11,0,0.128352
WTA,2018,Tomljanovic A.,65,0,0.057298
WTA,2018,Kumkhum L.,91,0,0.034708
WTA,2018,Pera B.,71,0,0.082558
WTA,2018,Kuzmova V.,69,0,0.007649
WTA,2018,Peterson R.,78,0,0.021586
WTA,2018,Kuznetsova S.,68,0,0.008112
WTA,2018,Strycova B.,23,0,0.002457
WTA,2018,Larsson J.,58,0,0.032291
WTA,2018,Williams V.,9,0,0.012136
WTA,2018,Maria T.,57,0,0.029343
WTA,2018,Svitolina E.,5,0,0.699764
WTA,2018,Martic P.,43,0,0.011294
WTA,2018,Makarova E.,35,0,0.298772
WTA,2018,Mladenovic K.,62,0,0.020634
WTA,2018,Schmiedlova A.,89,0,0.119767
WTA,2018,Pliskova K.A.,8,0,0.002959
WTA,2018,Dart H.,171,0,0.020525
WTA,2018,Pliskova K.R.,77,0,0.098145
WTA,2018,Dulgheru A.,141,0,0.040214
WTA,2018,Rodina E.,120,0,0.016681
WTA,2018,Lottner A.,128,0,0.403609
WTA,2018,Ruse E.G.,195,0,0.077032
WTA,2018,Radwanska A.,30,0,0.033639
WTA,2018,Rybarikova M.,19,0,0.201038
WTA,2018,Cirstea S.,51,0,0.005088
WTA,2018,Sevastova A.,21,0,0.249511
WTA,2018,Giorgi C.,52,1,0.027730
WTA,2018,Stefkova B.,717,0,0.007240
WTA,2018,Bertens K.,20,1,0.004887
WTA,2018,Tomova V.,135,0,0.038570
WTA,2018,Smitkova T.,168,0,0.160657
WTA,2018,Tsurenko L.,34,0,0.017892
WTA,2018,Babos T.,38,0,0.042069
WTA,2018,Vandeweghe C.,16,0,0.032577
WTA,2018,Siniakova K.,42,0,0.104740
WTA,2018,Vekic D.,55,0,0.011318
WTA,2018,Stephens S.,4,0,0.004497
WTA,2018,Wang Y.A.F.,84,0,0.062390
WTA,2018,Blinkova A.,107,0,0.023800
WTA,2018,Wickmayer Y.,101,0,0.059186
WTA,2018,Barthel M.,118,0,0.008731
WTA,2018,Williams S.,181,1,0.201282
WTA,2018,Rus A.,105,0,0.021585
WTA,2018,Wozniacki C.,2,0,0.007808
WTA,2018,Lepchenko V.,97,0,0.300708
WTA,2018,Zhang S.,31,0,0.015111
WTA,2018,Petkovic A.,95,0,0.014784
WTA,2018,Allertova D.,98,0,0.032791
WTA,2018,Kontaveit A.,27,0,0.008006
WTA,2018,Barty A.,17,0,0.061327
WTA,2018,Voegele S.,93,0,0.090520
WTA,2018,Bencic B.,56,0,0.035283
WTA,2018,Garcia C.,6,0,0.024578
WTA,2018,Bogdan A.,59,0,0.018677
WTA,2018,Arruabarrena L.,88,0,0.146832
WTA,2018,Brady J.,74,0,0.532849
WTA,2018,Kozlova K.,67,0,0.004090
WTA,2018,Broady N.,138,0,0.149665
WTA,2018,Muguruza G.,3,0,0.050961
WTA,2018,Cepede Royg V.,123,0,0.114312
WTA,2018,Boulter K.,122,0,0.009305
WTA,2018,Collins D.R.,41,0,0.363211
WTA,2018,Mertens E.,15,0,0.005841
WTA,2018,Cornet A.,44,0,0.074497
WTA,2018,Cibulkova D.,33,1,0.012410
WTA,2018,Dunne K.,212,0,0.007207
WTA,2018,Ostapenko J.,12,1,0.010760
WTA,2018,Duque-Marino M.,96,0,0.013742
WTA,2018,Riske A.,60,0,0.007313
WTA,2018,Fett J.,114,0,0.008104
WTA,2018,Kasatkina D.,14,1,0.002968
WTA,2018,Flipkens K.,45,0,0.175800
WTA,2018,Watson H.,111,0,0.012639
WTA,2018,Gavrilova D.,25,0,0.001830
WTA,2018,Dolehide C.,109,0,0.026557
WTA,2018,Hercog P.,64,0,0.015687
WTA,2018,Van Uytvanck A.,47,0,0.032042
WTA,2018,Kenin S.,76,0,0.022794
WTA,2018,Sakkari M.,37,0,0.010224
WTA,2018,Kerber A.,10,1,0.045835
WTA,2018,Zvonareva V.,142,0,0.070464
WTA,2018,Lapko V.,82,0,0.005134
WTA,2018,Mchale C.,90,0,0.014731
WTA,2018,Liu C.,237,0,0.007169
WTA,2018,Konjuh A.,137,0,0.012484
WTA,2018,Nara K.,100,0,0.195539
WTA,2018,Halep S.,1,0,0.043553
WTA,2018,Osaka N.,18,0,0.074516
WTA,2018,Niculescu M.,61,0,0.018037
WTA,2018,Pavlyuchenkova A.,29,0,0.029050
WTA,2018,Hsieh S.W.,48,0,0.023786
WTA,2018,Putintseva Y.,53,0,0.002191
WTA,2018,Linette M.,80,0,0.019538
WTA,2018,Sasnovich A.,50,0,0.149621
WTA,2018,Kvitova P.,7,0,0.015509
WTA,2018,Sharapova M.,22,0,0.010230
WTA,2018,Diatchenko V.,132,0,0.028090
WTA,2018,Sorribes Tormo S.,102,0,0.026033
WTA,2018,Kanepi K.,46,0,0.303093
WTA,2018,Stosur S.,86,0,0.017359
WTA,2018,Peng S.,40,0,0.397817
WTA,2018,Suarez Navarro C.,26,0,0.005933
WTA,2018,Witthoeft C.,81,0,0.441523
WTA,2018,Taylor G.,180,0,0.303023
WTA,2018,Bouchard E.,188,0,0.003090
WTA,2018,Townsend T.,73,0,0.024561
WTA,2018,Parmentier P.,63,0,0.020413
WTA,2018,Vikhlyantseva N.,103,0,0.010696
WTA,2018,Konta J.,24,0,0.001143
WTA,2018,Vondrousova M.,106,0,0.076844
WTA,2018,Vickery S.,83,0,0.002521
WTA,2018,Wang Q.,70,0,0.009415
WTA,2018,Zheng S.,126,0,0.007009
WTA,2019,Azarenka V.,40,0,0.060423
WTA,2019,Cornet A.,51,0,0.056803
WTA,2019,Barthel M.,96,0,0.019641
WTA,2019,Bouzkova M.,115,0,0.007776
WTA,2019,Bonaventure Y.,114,0,0.014420
WTA,2019,Kudermetova V.,59,0,0.005514
WTA,2019,Brady J.,67,0,0.010601
WTA,2019,Martic P.,24,0,0.003375
WTA,2019,Diyas Z.,86,0,0.021880
WTA,2019,Collins D.,34,0,0.008615
WTA,2019,Gasparyan M.,62,0,0.005769
WTA,2019,Friedsam A.L.,286,0,0.008338
WTA,2019,Gavrilova D.,74,0,0.008980
WTA,2019,Svitolina E.,8,1,0.637320
WTA,2019,Halep S.,7,1,0.114768
WTA,2019,Sasnovich A.,36,0,0.071838
WTA,2019,Hercog P.,60,0,0.027835
WTA,2019,Kuzmova V.,47,0,0.098282
WTA,2019,Jakupovic D.,143,0,0.008269
WTA,2019,Flipkens K.,103,0,0.023092
WTA,2019,Keys M.,16,0,0.008387
WTA,2019,Kumkhum L.,107,0,0.002462
WTA,2019,Kontaveit A.,20,0,0.047832
WTA,2019,Rogers S.,298,0,0.015037
WTA,2019,Mcnally C.,165,0,0.025357
WTA,2019,Watson H.,122,0,0.683081
WTA,2019,Muchova K.,68,1,0.011501
WTA,2019,Krunic A.,113,0,0.366165
WTA,2019,Ostapenko J.,37,0,0.019698
WTA,2019,Hsieh S.W.,29,0,0.121542
WTA,2019,Pegula J.,72,0,0.003578
WTA,2019,Buzarnescu M.,53,0,0.018595
WTA,2019,Pliskova K.A.,3,0,0.077025
WTA,2019,Zhu L.,101,0,0.049563
WTA,2019,Potapova A.,71,0,0.018075
WTA,2019,Teichmann J.,89,0,0.433000
WTA,2019,Putintseva Y.,39,0,0.088975
WTA,2019,Osaka N.,2,0,0.036768
WTA,2019,Sabalenka A.,11,0,0.224312
WTA,2019,Rybarikova M.,139,0,0.005025
WTA,2019,Sakkari M.,32,0,0.224890
WTA,2019,Pera B.,90,0,0.027357
WTA,2019,Schmiedlova A.,87,0,0.010930
WTA,2019,Puig M.,52,0,0.004848
WTA,2019,Sevastova A.,12,0,0.036706
WTA,2019,Ahn K.,190,0,0.148232
WTA,2019,Sharma A.,93,0,0.018227
WTA,2019,Kenin S.,28,0,0.044388
WTA,2019,Swiatek I.,64,0,0.025249
WTA,2019,Golubic V.,81,0,0.120424
WTA,2019,Tomljanovic A.,49,0,0.014031
WTA,2019,Kasatkina D.,30,0,0.004645
WTA,2019,Vondrousova M.,14,0,0.061342
WTA,2019,Brengle M.,85,0,0.029713
WTA,2019,Wickmayer Y.,148,0,0.079508
WTA,2019,Peterson R.,63,0,0.007801
WTA,2019,Williams V.,44,0,0.256212
WTA,2019,Gauff C.,313,0,0.027940
WTA,2019,Yastremska D.,35,0,0.007079
WTA,2019,Giorgi C.,42,0,0.262153
WTA,2019,Zhang S.,50,1,0.013973
WTA,2019,Garcia C.,23,0,0.015679
WTA,2019,Alexandrova E.,45,0,0.038316
WTA,2019,Siniakova K.,38,0,0.006824
WTA,2019,Anisimova A.,26,0,0.073468
WTA,2019,Cirstea S.,77,0,0.067085
WTA,2019,Bertens K.,4,0,0.040044
WTA,2019,Minella M.,98,0,0.026163
WTA,2019,Bogdan A.,132,0,0.019786
WTA,2019,Konta J.,18,1,0.134913
WTA,2019,Dart H.,182,0,0.484608
WTA,2019,Mchale C.,108,0,0.004210
WTA,2019,Davis L.,95,0,0.154265
WTA,2019,Kozlova K.,66,0,0.051489
WTA,2019,Diatchenko V.,83,0,0.104251
WTA,2019,Mladenovic K.,48,0,0.008996
WTA,2019,Flink V.,141,0,0.386718
WTA,2019,Badosa P.,135,0,0.004261
WTA,2019,Jorovic I.,99,0,0.071401
WTA,2019,Kerkhove L.,201,0,0.015842
WTA,2019,Kuznetsova S.,104,0,0.007387
WTA,2019,Van Uytvanck A.,58,0,0.010943
WTA,2019,Kvitova P.,6,0,0.015107
WTA,2019,Jabeur O.,56,0,0.009002
WTA,2019,Linette M.,75,0,0.006477
WTA,2019,Kalinskaya A.,144,0,0.003224
WTA,2019,Maria T.,65,0,0.207029
WTA,2019,Kerber A.,5,0,0.019928
WTA,2019,Mertens E.,21,0,0.001513
WTA,2019,Ferro F.,100,0,0.028589
WTA,2019,Muguruza G.,27,0,0.016614
WTA,2019,Haddad Maia B.,121,0,0.031237
WTA,2019,Pavlyuchenkova A.,46,0,0.026435
WTA,2019,Bencic B.,13,0,0.012739
WTA,2019,Petkovic A.,69,0,0.055566
WTA,2019,Niculescu M.,111,0,0.055921
WTA,2019,Pliskova K.R.,94,0,0.004632
WTA,2019,Juvan K.,133,0,0.015608
WTA,2019,Rodionova A.R.,211,0,0.008380
WTA,2019,Townsend T.,123,0,0.012359
WTA,2019,Ruse E.G.,176,0,0.157459
WTA,2019,Goerges J.,17,0,0.051702
WTA,2019,Siegemund L.,82,0,0.090654
WTA,2019,Swan K.,205,0,0.017039
WTA,2019,Stephens S.,9,0,0.025644
WTA,2019,Bacsinszky T.,91,0,0.025705
WTA,2019,Stosur S.,119,0,0.001799
WTA,2019,Suarez Navarro C.,31,0,0.025447
WTA,2019,Tsurenko L.,33,0,0.155500
WTA,2019,Strycova B.,54,1,0.015762
WTA,2019,Vekic D.,22,0,0.013951
WTA,2019,Riske A.,55,1,0.025003
WTA,2019,Voegele S.,97,0,0.024530
WTA,2019,Kanepi K.,76,0,0.290652
WTA,2019,Wang Q.,15,0,0.017796
WTA,2019,Lapko V.,106,0,0.306864
WTA,2019,Wang Y.A.F.,57,0,0.005822
WTA,2019,Martincova T.,138,0,0.343395
WTA,2019,Williams S.,10,1,0.323765
WTA,2019,Gatto-Monticone G.,161,0,0.002807
WTA,2019,Zheng S.,43,0,0.027528
WTA,2019,Barty A.,1,0,0.019947
WTA,2019,Zidansek T.,61,0,0.010968
WTA,2019,Bouchard E.,79,0,0.001263
WTA,2021,Alexandrova E.,36,0,0.064660
WTA,2021,Siegemund L.,54,0,0.055152
WTA,2021,Begu I.,79,0,0.023124
WTA,2021,Volynets K.,199,0,0.008687
WTA,2021,Boulter K.,219,0,0.017039
WTA,2021,Lao D.,239,0,0.007359
WTA,2021,Burrage J.,274,0,0.017359
WTA,2021,Davis L.,91,0,0.004613
WTA,2021,Collins D.,48,0,0.025879
WTA,2021,Hercog P.,77,0,0.012698
WTA,2021,Ferro F.,51,0,0.007953
WTA,2021,Muguruza G.,12,0,0.010293
WTA,2021,Hsieh S.W.,69,0,0.010406
WTA,2021,Swiatek I.,9,0,0.573854
WTA,2021,Kenin S.,6,0,0.096636
WTA,2021,Wang X.I.N.,144,0,0.073835
WTA,2021,Keys M.,27,0,0.039395
WTA,2021,Swan K.,292,0,0.090918
WTA,2021,Kudermetova V.,32,0,0.011224
WTA,2021,Golubic V.,66,1,0.026623
WTA,2021,Kuznetsova S.,40,0,0.008992
WTA,2021,Pattinama Kerkhove L.,174,0,0.003504
WTA,2021,Kvitova P.,10,0,0.059085
WTA,2021,Stephens S.,73,0,0.021349
WTA,2021,Niculescu M.,191,0,0.023535
WTA,2021,Sabalenka A.,4,1,0.573447
WTA,2021,Osorio M.,94,0,0.012042
WTA,2021,Kalinskaya A.,109,0,0.302660
WTA,2021,Rybakina E.,20,0,0.019949
WTA,2021,Mladenovic K.,59,0,0.104263
WTA,2021,Watson H.,68,0,0.005945
WTA,2021,Ahn K.,117,0,0.021734
WTA,2021,Barthel M.,190,0,0.070405
WTA,2021,Zhu L.,99,0,0.048487
WTA,2021,Blinkova A.,89,0,0.021674
WTA,2021,Babos T.,116,0,0.357375
WTA,2021,Brengle M.,82,0,0.104037
WTA,2021,Mchale C.,97,0,0.049685
WTA,2021,Dart H.,142,0,0.189828
WTA,2021,Mertens E.,16,0,0.007762
WTA,2021,Doi M.,83,0,0.200277
WTA,2021,Liu C.,608,0,0.027656
WTA,2021,Garcia C.,76,0,0.015258
WTA,2021,Pegula J.,26,0,0.007493
WTA,2021,Jabeur O.,24,1,0.045955
WTA,2021,Peterson R.,60,0,0.139761
WTA,2021,Jones F.,211,0,0.021672
WTA,2021,Gauff C.,23,0,0.046493
WTA,2021,Kanepi K.,78,0,0.031945
WTA,2021,Samsonova L.,65,0,0.115154
WTA,2021,Kerber A.,28,1,0.020191
WTA,2021,Stojanovic N.,86,0,0.007206
WTA,2021,Kostyuk M.,70,0,0.066369
WTA,2021,Bertens K.,21,0,0.024805
WTA,2021,Martic P.,30,0,0.071038
WTA,2021,Gracheva V.,90,0,0.010285
WTA,2021,Paolini J.,88,0,0.286980
WTA,2021,Petkovic A.,130,0,0.031006
WTA,2021,Podoroska N.,39,0,0.007468
WTA,2021,Li A.,72,0,0.257617
WTA,2021,Riske A.,29,0,0.017378
WTA,2021,Martincova T.,87,0,0.017466
WTA,2021,Sakkari M.,18,0,0.058663
WTA,2021,Rus A.,84,0,0.008031
WTA,2021,Stosur S.,166,0,0.086098
WTA,2021,Rogers S.,46,0,0.076841
WTA,2021,Suarez Navarro C.,138,0,0.046086
WTA,2021,Barty A.,1,1,0.031931
WTA,2021,Tauson C.,93,0,0.023109
WTA,2021,Krejcikova B.,17,0,0.142793
WTA,2021,Vekic D.,49,0,0.490014
WTA,2021,Potapova A.,80,0,0.005681
WTA,2021,Vesnina E.,370,0,0.120620
WTA,2021,Trevisan M.,98,0,0.060719
WTA,2021,Williams V.,111,0,0.090492
WTA,2021,Buzarnescu M.,160,0,0.011838
WTA,2021,Zidansek T.,47,0,0.361940
WTA,2021,Pliskova K.A.,13,1,0.005965
WTA,2021,Zvonareva V.,96,0,0.096110
WTA,2021,Bouzkova M.,52,0,0.022729
WTA,2021,Anisimova A.,81,0,0.009430
WTA,2021,Linette M.,44,0,0.016294
WTA,2021,Azarenka V.,14,0,0.018497
WTA,2021,Kozlova K.,157,0,0.012945
WTA,2021,Badosa P.,161,0,0.008618
WTA,2021,Bolsova A.,151,0,0.004586
WTA,2021,Bencic B.,11,0,0.189063
WTA,2021,Juvan K.,102,0,0.034321
WTA,2021,Cirstea S.,45,0,0.002793
WTA,2021,Murray S.,230,0,0.032352
WTA,2021,Cornet A.,58,0,0.014950
WTA,2021,Andreescu B.,7,0,0.037874
WTA,2021,Diyas Z.,101,0,0.034194
WTA,2021,Sevastova A.,56,0,0.019694
WTA,2021,Fernandez L.A.,71,0,0.045550
WTA,2021,Ostapenko J.,34,0,0.056728
WTA,2021,Hibino N.,85,0,0.004605
WTA,2021,Pera B.,74,0,0.017437
WTA,2021,Konjuh A.,129,0,0.012631
WTA,2021,Sorribes Tormo S.,50,0,0.018252
WTA,2021,Kontaveit A.,25,0,0.153574
WTA,2021,Vondrousova M.,42,0,0.050145
WTA,2021,Minnen G.,118,0,0.075199
WTA,2021,Tomljanovic A.,75,1,0.024681
WTA,2021,Pavlyuchenkova A.,19,0,0.028847
WTA,2021,Bogdan A.,92,0,0.034868
WTA,2021,Perez E.,235,0,0.003128
WTA,2021,Burel C.,143,0,0.028056
WTA,2021,Putintseva Y.,43,0,0.128875
WTA,2021,Pironkova T.,103,0,0.017589
WTA,2021,Raducanu E.,338,0,0.015963
WTA,2021,Diatchenko V.,150,0,0.025696
WTA,2021,Sharma A.,127,0,0.027607
WTA,2021,Pliskova K.R.,106,0,0.275990
WTA,2021,Siniakova K.,64,0,0.021779
WTA,2021,Wang Y.,123,0,0.242904
WTA,2021,Svitolina E.,5,0,0.009049
WTA,2021,Van Uytvanck A.,57,0,0.323221
WTA,2021,Teichmann J.,55,0,0.293987
WTA,2021,Giorgi C.,62,0,0.004332
WTA,2021,Tig P.M.,63,0,0.025944
WTA,2021,Kasatkina D.,35,0,0.021081
WTA,2021,Vandeweghe C.,163,0,0.012811
WTA,2021,Govortsova O.,136,0,0.002723
WTA,2021,Zhang S.,37,0,0.107477
WTA,2021,Muchova K.,22,1,0.003751
WTA,2022,Bjorklund M.,125,0,0.067809
WTA,2022,Jabeur O.,2,1,0.058360
WTA,2022,Bronzetti L.,73,0,0.021091
WTA,2022,Li A.,67,0,0.009023
WTA,2022,Burrage J.,141,0,0.019579
WTA,2022,Tsurenko L.,101,0,0.008276
WTA,2022,Cocciaretto E.,119,0,0.017712
WTA,2022,Trevisan M.,29,0,0.004851
WTA,2022,Collins D.,8,0,0.031896
WTA,2022,Bouzkova M.,66,1,0.013240
WTA,2022,Galfi D.,89,0,0.008692
WTA,2022,Inglis M.,129,0,0.011887
WTA,2022,Gorgodze E.,114,0,0.011806
WTA,2022,Begu I.,43,0,0.602748
WTA,2022,Juvan K.,62,0,0.099805
WTA,2022,Haddad Maia B.,28,0,0.072053
WTA,2022,Kalinina A.,34,0,0.044951
WTA,2022,Bondar A.,64,0,0.090160
WTA,2022,Kanepi K.,38,0,0.011718
WTA,2022,Parry D.,77,0,0.028337
WTA,2022,Kawa K.,132,0,0.010086
WTA,2022,Marino R.,104,0,0.004165
WTA,2022,Kerber A.,19,0,0.053210
WTA,2022,Mladenovic K.,120,0,0.017516
WTA,2022,Krunic A.,107,0,0.024641
WTA,2022,Cirstea S.,32,0,0.595671
WTA,2022,Linette M.,65,0,0.013317
WTA,2022,Contreras Gomez F.,191,0,0.288293
WTA,2022,Miyazaki Y.,204,0,0.022433
WTA,2022,Garcia C.,55,0,0.102675
WTA,2022,Niemeier J.,97,1,0.005882
WTA,2022,Wang X.I.Y.,105,0,0.022972
WTA,2022,Pera B.,123,0,0.070914
WTA,2022,Kontaveit A.,3,0,0.047816
WTA,2022,Raducanu E.,11,0,0.021962
WTA,2022,Van Uytvanck A.,46,0,0.364427
WTA,2022,Riske A.,36,0,0.102925
WTA,2022,In-Albon Y.,113,0,0.049951
WTA,2022,Siniakova K.,79,0,0.186334
WTA,2022,Chwalinska M.,170,0,0.008027
WTA,2022,Zidansek T.,60,0,0.192228
WTA,2022,Udvardy P.,100,0,0.029896
WTA,2022,Andreescu B.,56,0,0.013166
WTA,2022,Bektas E.,224,0,0.008431
WTA,2022,Anisimova A.,25,1,0.048205
WTA,2022,Yuan Y.,152,0,0.142850
WTA,2022,Bara I.,122,0,0.023181
WTA,2022,Paquet C.,106,0,0.041651
WTA,2022,Bencic B.,16,0,0.035962
WTA,2022,Wang Q.,140,0,0.109161
WTA,2022,Bogdan A.,111,0,0.019224
WTA,2022,Yastremska D.,74,0,0.007706
WTA,2022,Brengle M.,59,0,0.067299
WTA,2022,Davis L.,102,0,0.024340
WTA,2022,Burel C.,95,0,0.069563
WTA,2022,Boulter K.,118,0,0.011729
WTA,2022,Buzarnescu M.,127,0,0.256376
WTA,2022,Schunk N.,154,0,0.031111
WTA,2022,Chirico L.,236,0,0.009157
WTA,2022,Badosa P.,4,0,0.268182
WTA,2022,Cornet A.,37,0,0.019453
WTA,2022,Putintseva Y.,33,0,0.018834
WTA,2022,Dodin O.,85,0,0.061977
WTA,2022,Ostapenko J.,17,0,0.009872
WTA,2022,Doi M.,108,0,0.091932
WTA,2022,Zhang S.,41,0,0.081595
WTA,2022,Fett J.,252,0,0.046228
WTA,2022,Swiatek I.,1,0,0.032065
WTA,2022,Fourlis J.,150,0,0.021433
WTA,2022,Flipkens K.,190,0,0.136555
WTA,2022,Frech M.,92,0,0.521075
WTA,2022,Giorgi C.,27,0,0.005736
WTA,2022,Gauff C.,12,0,0.113114
WTA,2022,Ruse E.G.,54,0,0.065006
WTA,2022,Golubic V.,58,0,0.089853
WTA,2022,Petkovic A.,57,0,0.013214
WTA,2022,Halep S.,18,1,0.387007
WTA,2022,Muchova K.,81,0,0.006868
WTA,2022,Korpatsch T.,110,0,0.100251
WTA,2022,Watson H.,121,0,0.022215
WTA,2022,Kostyuk M.,76,0,0.010188
WTA,2022,Swan K.,184,0,0.016794
WTA,2022,Kucova K.,91,0,0.018311
WTA,2022,Pigossi L.,124,0,0.011853
WTA,2022,Maria T.,103,1,0.009803
WTA,2022,Sharma A.,136,0,0.004305
WTA,2022,Martic P.,80,0,0.180119
WTA,2022,Rogers S.,39,0,0.028922
WTA,2022,Mchale C.,261,0,0.003191
WTA,2022,Sorribes Tormo S.,45,0,0.032924
WTA,2022,Paolini J.,72,0,0.015903
WTA,2022,Kvitova P.,26,0,0.038897
WTA,2022,Parrizas Diaz N.,51,0,0.030979
WTA,2022,Liu C.,75,0,0.018683
WTA,2022,Pattinama Kerkhove L.,138,0,0.041143
WTA,2022,Kartal S.,226,0,0.058271
WTA,2022,Peterson R.,96,0,0.005703
WTA,2022,Schmiedlova A.,84,0,0.021600
WTA,2022,Rus A.,86,0,0.013407
WTA,2022,Harrison C.A.,262,0,0.017081
WTA,2022,Sakkari M.,5,0,0.167786
WTA,2022,Hives Z.,571,0,0.047119
WTA,2022,Saville D.,98,0,0.077967
WTA,2022,Tomova V.,112,0,0.024017
WTA,2022,Stephens S.,48,0,0.031373
WTA,2022,Zheng Q.,52,0,0.033265
WTA,2022,Tan H.,115,0,0.003680
WTA,2022,Williams S.,1204,0,0.026824
WTA,2022,Tomljanovic A.,44,1,0.122487
WTA,2022,Teichmann J.,22,0,0.018533
WTA,2022,Vandeweghe C.,157,0,0.014862
WTA,2022,Rybakina E.,23,1,0.029876
WTA,2022,Wickmayer Y.,606,0,0.029603
WTA,2022,Zhu L.,99,0,0.304182
WTA,2022,Zanevska M.,68,0,0.022072
WTA,2022,Krejcikova B.,14,0,0.265581
WTA,2022,Martincova T.,61,0,0.009881
WTA,2022,Pliskova K.A.,7,0,0.343923
WTA,2022,Masarova R.,146,0,0.336010
WTA,2022,Dart H.,94,0,0.004532
WTA,2022,Minnen G.,88,0,0.025493
WTA,2022,Muguruza G.,10,0,0.023649
WTA,2022,Pegula J.,9,0,0.014285
WTA,2022,Vekic D.,82,0,0.002854
WTA,2023,Baindl K.,85,0,0.065679
WTA,2023,Fernandez L.A.,95,0,0.061040
WTA,2023,Bencic B.,14,0,0.021385
WTA,2023,Swan K.,147,0,0.009769
WTA,2023,Bouzkova M.,33,0,0.022558
WTA,2023,Waltert S.,116,0,0.009028
WTA,2023,Burrage J.,108,0,0.018187
WTA,2023,Mcnally C.,67,0,0.005146
WTA,2023,Davis L.,46,0,0.035123
WTA,2023,Pegula J.,4,1,0.013371
WTA,2023,Dolehide C.,100,0,0.009188
WTA,2023,Kasatkina D.,10,0,0.012525
WTA,2023,Garcia C.,5,0,0.012550
WTA,2023,Volynets K.,125,0,0.572283
WTA,2023,Gauff C.,7,0,0.109223
WTA,2023,Kenin S.,128,0,0.077371
WTA,2023,Kanepi K.,101,0,0.047497
WTA,2023,Kudermetova V.,12,0,0.094647
WTA,2023,Linette M.,24,0,0.011551
WTA,2023,Teichmann J.,121,0,0.030519
WTA,2023,Liu C.,93,0,0.010960
WTA,2023,Tsurenko L.,60,0,0.004263
WTA,2023,Mertens E.,28,0,0.050292
WTA,2023,Hruncakova V.,129,0,0.019037
WTA,2023,Parks A.,51,0,0.029341
WTA,2023,Friedsam A.L.,87,0,0.606331
WTA,2023,Parry D.,96,0,0.015172
WTA,2023,Dart H.,135,0,0.303764
WTA,2023,Podoroska N.,80,0,0.026073
WTA,2023,Martincova T.,115,0,0.111975
WTA,2023,Rakhimova K.,72,0,0.005552
WTA,2023,Bucsa C.,78,0,0.023676
WTA,2023,Samsonova L.,15,0,0.078150
WTA,2023,Bogdan A.,57,0,0.052725
WTA,2023,Sherif M.,31,0,0.024738
WTA,2023,Masarova R.,66,0,0.366883
WTA,2023,Siniakova K.,32,0,0.106699
WTA,2023,Zheng Q.,25,0,0.047689
WTA,2023,Stearns P.,59,0,0.190760
WTA,2023,Vondrousova M.,42,1,0.008125
WTA,2023,Strycova B.,623,0,0.190430
WTA,2023,Zanevska M.,88,0,0.034973
WTA,2023,Swiatek I.,1,1,0.013117
WTA,2023,Zhu L.,34,0,0.008727
WTA,2023,Trevisan M.,64,0,0.048566
WTA,2023,Sorribes Tormo S.,84,0,0.139096
WTA,2023,Wang X.I.N.,73,0,0.026199
WTA,2023,Hunter S.,162,0,0.040260
WTA,2023,Williams V.,558,0,0.036106
WTA,2023,Svitolina E.,76,1,0.111552
WTA,2023,Yuan Y.,106,0,0.020177
WTA,2023,Azarenka V.,20,0,0.007949
WTA,2023,Jabeur O.,6,1,0.069732
WTA,2023,Frech M.,70,0,0.027135
WTA,2023,Rogers S.,49,0,0.074200
WTA,2023,Rybakina E.,3,1,0.012280
WTA,2023,Udvardy P.,82,0,0.244637
WTA,2023,Sabalenka A.,2,1,0.030693
WTA,2023,Bonaventure Y.,91,0,0.010356
WTA,2023,Bai Z.,191,0,0.255537
WTA,2023,Brengle M.,114,0,0.022059
WTA,2023,Errani S.,79,0,0.021406
WTA,2023,Bronzetti L.,47,0,0.055493
WTA,2023,Cristian J.,133,0,0.011137
WTA,2023,Cocciaretto E.,43,0,0.091931
WTA,2023,Osorio M.,71,0,0.085862
WTA,2023,Collins D.,52,0,0.045293
WTA,2023,Grabher J.,58,0,0.033191
WTA,2023,Cornet A.,74,0,0.022546
WTA,2023,Hibino N.,127,0,0.134824
WTA,2023,Gracheva V.,41,0,0.499135
WTA,2023,Giorgi C.,48,0,0.005823
WTA,2023,Haddad Maia B.,13,0,0.119630
WTA,2023,Putintseva Y.,56,0,0.071214
WTA,2023,Juvan K.,244,0,0.092718
WTA,2023,Betova M.,1316,0,0.014507
WTA,2023,Keys M.,18,1,0.382559
WTA,2023,Kartal S.,266,0,0.007213
WTA,2023,Kontaveit A.,81,0,0.091197
WTA,2023,Stefanini L.,111,0,0.022154
WTA,2023,Kostyuk M.,36,0,0.010757
WTA,2023,Sakkari M.,8,0,0.016596
WTA,2023,Krejcikova B.,11,0,0.018577
WTA,2023,Watson H.,144,0,0.012154
WTA,2023,Kvitova P.,9,0,0.010872
WTA,2023,Paolini J.,44,0,0.004392
WTA,2023,Maria T.,62,0,0.185286
WTA,2023,Cirstea S.,37,0,0.026135
WTA,2023,Naef C.,165,0,0.003121
WTA,2023,Potapova A.,23,0,0.035936
WTA,2023,Navarro E.,55,0,0.018868
WTA,2023,Alexandrova E.,22,0,0.040249
WTA,2023,Ostapenko J.,17,0,0.029742
WTA,2023,Minnen G.,123,0,0.017254
WTA,2023,Peterson R.,75,0,0.048200
WTA,2023,Stephens S.,39,0,0.058741
WTA,2023,Pliskova K.A.,19,0,0.006579
WTA,2023,Stevanovic N.,225,0,0.022901
WTA,2023,Riske-Amritraj A.,141,0,0.013475
WTA,2023,Badosa P.,35,0,0.016057
WTA,2023,Saville D.,231,0,0.159076
WTA,2023,Boulter K.,89,0,0.051112
WTA,2023,Tomova V.,99,0,0.082910
WTA,2023,Pera B.,27,0,0.024483
WTA,2023,Wang X.I.Y.,65,0,0.034009
WTA,2023,Andreeva M.,102,0,0.035207
WTA,2023,Wickmayer Y.,112,0,0.003619
WTA,2023,Blinkova A.,40,0,0.029821
WTA,2023,Zhang S.,38,0,0.131468
WTA,2023,Vekic D.,21,0,0.020412
WTA,2023,Zhao C.,166,0,0.015924
WTA,2023,Korpatsch T.,122,0,0.033831
WTA,2023,Andreescu B.,50,0,0.033568
WTA,2023,Bondar A.,110,0,0.314812
WTA,2023,Bouzas Maneiro J.,167,0,0.023737
WTA,2023,Kalinina A.,26,0,0.266325
WTA,2023,Marino R.,83,0,0.010216
WTA,2023,Begu I.,30,0,0.320629
WTA,2023,Niemeier J.,103,0,0.363462
WTA,2023,Muchova K.,16,0,0.004756
WTA,2023,Noskova L.,45,0,0.026645
WTA,2023,Galfi D.,126,0,0.027509
WTA,2023,Sasnovich A.,69,0,0.015035
WTA,2023,Parrizas Diaz N.,105,0,0.002711
WTA,2023,Schmiedlova A.,77,0,0.108387
WTA,2023,Golubic V.,139,0,0.004048
WTA,2024,Andreeva E.,101,0,0.062171
WTA,2024,Bektas E.,107,0,0.057969
WTA,2024,Badosa P.,93,0,0.017636
WTA,2024,Muchova K.,34,0,0.009689
WTA,2024,Cirstea S.,31,0,0.024378
WTA,2024,Kartal S.,298,0,0.008907
WTA,2024,Cristian J.,62,0,0.014531
WTA,2024,Andreescu B.,176,0,0.005209
WTA,2024,Errani S.,86,0,0.027515
WTA,2024,Noskova L.,26,0,0.012557
WTA,2024,Fruhvirtova B.,88,0,0.008712
WTA,2024,Andreeva M.,23,0,0.011358
WTA,2024,Gauff C.,2,0,0.011120
WTA,2024,Dolehide C.,51,0,0.642456
WTA,2024,Gracheva V.,70,0,0.114472
WTA,2024,Tsurenko L.,59,0,0.084783
WTA,2024,Hibino N.,94,0,0.034537
WTA,2024,Mertens E.,33,0,0.090187
WTA,2024,Kasatkina D.,12,0,0.011365
WTA,2024,Zhang S.,680,0,0.025934
WTA,2024,Keys M.,13,0,0.010149
WTA,2024,Trevisan M.,89,0,0.003690
WTA,2024,Lys E.,129,0,0.046090
WTA,2024,Burel C.,45,0,0.018252
WTA,2024,Miyazaki Y.,148,0,0.025764
WTA,2024,Korpatsch T.,73,0,0.615887
WTA,2024,Parry D.,53,0,0.014178
WTA,2024,Osaka N.,113,0,0.303669
WTA,2024,Pliskova K.A.,46,0,0.025938
WTA,2024,Shnaider D.,30,0,0.114290
WTA,2024,Podoroska N.,65,0,0.004922
WTA,2024,Yastremska D.,27,0,0.026709
WTA,2024,Rus A.,56,0,0.074618
WTA,2024,Yuan Y.,39,0,0.049481
WTA,2024,Sakkari M.,9,0,0.022989
WTA,2024,Kessler M.,119,0,0.376350
WTA,2024,Saville D.,82,0,0.102582
WTA,2024,Stearns P.,52,0,0.042266
WTA,2024,Sorribes Tormo S.,55,0,0.191015
WTA,2024,Paolini J.,7,1,0.007330
WTA,2024,Sramkova R.,105,0,0.195317
WTA,2024,Kostyuk M.,19,0,0.030805
WTA,2024,Stephens S.,50,0,0.011429
WTA,2024,Jacquemot E.,151,0,0.008388
WTA,2024,Sun L.,123,1,0.039029
WTA,2024,Zheng Q.,8,0,0.160702
WTA,2024,Todoni A.,142,0,0.021196
WTA,2024,Danilovic O.,116,0,0.051342
WTA,2024,Townsend T.,76,0,0.034571
WTA,2024,Pavlyuchenkova A.,28,0,0.106475
WTA,2024,Van Uytvanck A.,254,0,0.020590
WTA,2024,Starodubtseva Y.,153,0,0.007109
WTA,2024,Wang Q.,479,0,0.057965
WTA,2024,Navarro E.,17,1,0.030544
WTA,2024,Wang X.I.Y.,54,0,0.068170
WTA,2024,Vekic D.,37,1,0.010537
WTA,2024,Wang Y.,71,0,0.216832
WTA,2024,Schmiedlova A.,74,0,0.030640
WTA,2024,Watson H.,199,0,0.009285
WTA,2024,Minnen G.,80,0,0.231574
WTA,2024,Zarazua R.,98,0,0.020138
WTA,2024,Raducanu E.,135,0,0.019735
WTA,2024,Zhu L.,61,0,0.053993
WTA,2024,Begu I.,126,0,0.010318
WTA,2024,Bai Z.,95,0,0.094323
WTA,2024,Dart H.,100,0,0.081821
WTA,2024,Bouzas Maneiro J.,83,0,0.046992
WTA,2024,Vondrousova M.,6,0,0.029004
WTA,2024,Bronzetti L.,81,0,0.023735
WTA,2024,Fernandez L.A.,25,0,0.155512
WTA,2024,Bucsa C.,64,0,0.505336
WTA,2024,Bogdan A.,57,0,0.005724
WTA,2024,Gadecki O.,173,0,0.119869
WTA,2024,Montgomery R.,161,0,0.057846
WTA,2024,Galfi D.,127,0,0.090413
WTA,2024,Sherif M.,78,0,0.012715
WTA,2024,Garcia C.,24,0,0.475183
WTA,2024,Blinkova A.,60,0,0.006835
WTA,2024,Jabeur O.,10,0,0.083092
WTA,2024,Uchijima M.,68,0,0.021687
WTA,2024,Kalinina A.,47,0,0.010281
WTA,2024,Avanesyan E.,77,0,0.016899
WTA,2024,Kalinskaya A.,18,0,0.018060
WTA,2024,Udvardy P.,134,0,0.011583
WTA,2024,Kerber A.,221,0,0.010736
WTA,2024,Putintseva Y.,35,0,0.004438
WTA,2024,Krueger A.,75,0,0.182654
WTA,2024,Pegula J.,5,0,0.025158
WTA,2024,Maria T.,63,0,0.002882
WTA,2024,Boulter K.,29,0,0.035933
WTA,2024,Martic P.,85,0,0.016235
WTA,2024,Jones F.,215,0,0.032562
WTA,2024,Masarova R.,109,0,0.030354
WTA,2024,Samsonova L.,15,0,0.016434
WTA,2024,Ostapenko J.,14,1,0.056690
WTA,2024,Tomljanovic A.,136,0,0.056881
WTA,2024,Parks A.,121,0,0.006627
WTA,2024,Wozniacki C.,91,0,0.019431
WTA,2024,Pera B.,97,0,0.012599
WTA,2024,Potapova A.,41,0,0.016846
WTA,2024,Riera J.,106,0,0.154171
WTA,2024,Bouzkova M.,40,0,0.057402
WTA,2024,Ruse E.G.,152,0,0.071429
WTA,2024,Rybakina E.,4,1,0.020043
WTA,2024,Siegemund L.,72,0,0.030787
WTA,2024,Baindl K.,184,0,0.034001
WTA,2024,Snigur D.,130,0,0.003101
WTA,2024,Dodin O.,79,0,0.025335
WTA,2024,Stakusic M.,164,0,0.157372
WTA,2024,Siniakova K.,36,0,0.018276
WTA,2024,Swiatek I.,1,0,0.016852
WTA,2024,Kenin S.,49,0,0.029248
WTA,2024,Wang X.I.N.,42,0,0.030201
WTA,2024,Tomova V.,48,0,0.303411
WTA,2024,Davis L.,300,0,0.024334
WTA,2024,Osorio M.,14,0,0.283908
WTA,2024,Haddad Maia B.,20,0,0.009452
WTA,2024,Frech M.,58,0,0.314384
WTA,2024,Kudermetova V.,38,0,0.340820
WTA,2024,Krejcikova B.,32,1,0.004390
WTA,2024,Linette M.,44,0,0.024335
WTA,2024,Svitolina E.,21,1,0.026754
WTA,2024,Niemeier J.,90,0,0.013116
WTA,2024,Golubic V.,67,0,0.002648
WTA,2024,Tauson C.,66,0,0.138392
WTA,2024,Collins D.,11,0,0.003378
WTA,2024,Volynets K.,69,0,0.012154
WTA,2024,Carle M.,87,0,0.008877
WTA,2025,Birrell K.,74,0,0.066964
WTA,2025,Vekic D.,25,0,0.061968
WTA,2025,Boulter K.,43,0,0.020533
WTA,2025,Badosa P.,9,0,0.010350
WTA,2025,Bouzkova M.,48,0,0.022003
WTA,2025,Sun L.,47,0,0.009283
WTA,2025,Bucsa C.,102,0,0.017026
WTA,2025,Todoni A.,90,0,0.005794
WTA,2025,Fernandez L.A.,38,0,0.029663
WTA,2025,Klugman H.,573,0,0.013583
WTA,2025,Gadecki O.,103,0,0.009442
WTA,2025,Sierra S.,101,0,0.012457
WTA,2025,Galfi D.,110,0,0.012740
WTA,2025,Dart H.,152,0,0.621788
WTA,2025,Gracheva V.,92,0,0.103125
WTA,2025,Sasnovich A.,107,0,0.077649
WTA,2025,Haddad Maia B.,20,0,0.039110
WTA,2025,Sramkova R.,34,0,0.093813
WTA,2025,Kessler M.,30,0,0.012556
WTA,2025,Vondrousova M.,73,0,0.028549
WTA,2025,Keys M.,8,0,0.011032
WTA,2025,Ruse E.G.,58,0,0.004590
WTA,2025,Li A.,65,0,0.052023
WTA,2025,Golubic V.,82,0,0.018940
WTA,2025,Lys E.,61,0,0.026084
WTA,2025,Yuan Y.,85,0,0.584826
WTA,2025,Martic P.,138,0,0.015117
WTA,2025,Parry D.,118,0,0.289294
WTA,2025,Mertens E.,23,0,0.025333
WTA,2025,Fruhvirtova L.,148,0,0.108730
WTA,2025,Osaka N.,53,0,0.005978
WTA,2025,Gibson T.,126,0,0.026445
WTA,2025,Ostapenko J.,21,0,0.071503
WTA,2025,Kartal S.,51,0,0.051892
WTA,2025,Pera B.,84,0,0.022883
WTA,2025,Noskova L.,27,0,0.361030
WTA,2025,Putintseva Y.,33,0,0.102952
WTA,2025,Anisimova A.,12,1,0.046677
WTA,2025,Rakhimova K.,80,0,0.188172
WTA,2025,Ito A.,108,0,0.008201
WTA,2025,Sabalenka A.,1,1,0.195549
WTA,2025,Branstine C.,194,0,0.031063
WTA,2025,Sevastova A.,402,0,0.013563
WTA,2025,Paolini J.,5,0,0.008820
WTA,2025,Siegemund L.,104,1,0.043358
WTA,2025,Stearns P.,36,0,0.165074
WTA,2025,Stojsavljevic M.,796,0,0.023480
WTA,2025,Krueger A.,31,0,0.051981
WTA,2025,Svitolina E.,13,0,0.036596
WTA,2025,Bondar A.,75,0,0.109345
WTA,2025,Tomljanovic A.,79,0,0.020315
WTA,2025,Pavlyuchenkova A.,50,1,0.008067
WTA,2025,Uchijima M.,72,0,0.060997
WTA,2025,Shnaider D.,15,0,0.030197
WTA,2025,Wickmayer Y.,764,0,0.073592
WTA,2025,Zarazua R.,71,0,0.012051
WTA,2025,Xu M.,318,0,0.236148
WTA,2025,Raducanu E.,40,0,0.033957
WTA,2025,Zhang S.,124,0,0.010205
WTA,2025,Danilovic O.,37,0,0.237019
WTA,2025,Andreeva M.,7,1,0.020611
WTA,2025,Sherif M.,86,0,0.020260
WTA,2025,Arango E.,76,0,0.066907
WTA,2025,Kasatkina D.,18,0,0.010985
WTA,2025,Avanesyan E.,49,0,0.087787
WTA,2025,Rybakina E.,11,0,0.076938
WTA,2025,Azarenka V.,87,0,0.050091
WTA,2025,Zakharova A.,95,0,0.032771
WTA,2025,Begu I.,115,0,0.025245
WTA,2025,Juvan K.,240,0,0.145368
WTA,2025,Bencic B.,35,1,0.497365
WTA,2025,Parks A.,60,0,0.006527
WTA,2025,Blinkova A.,78,0,0.119959
WTA,2025,Sakkari M.,77,0,0.057196
WTA,2025,Cirstea S.,168,0,0.091736
WTA,2025,Baptiste H.,55,0,0.013800
WTA,2025,Collins D.,54,0,0.464291
WTA,2025,Osorio M.,57,0,0.007471
WTA,2025,Cristian J.,52,0,0.092434
WTA,2025,Sonmez Z.,88,0,0.023270
WTA,2025,Dolehide C.,67,0,0.011378
WTA,2025,Rus A.,94,0,0.017561
WTA,2025,Frech M.,24,0,0.020201
WTA,2025,Mboko V.,97,0,0.012941
WTA,2025,Hon P.,134,0,0.011293
WTA,2025,Alexandrova E.,17,0,0.004957
WTA,2025,Joint M.,41,0,0.176277
WTA,2025,Samsonova L.,19,1,0.028484
WTA,2025,Jones F.,122,0,0.003382
WTA,2025,Starodubtseva Y.,68,0,0.034880
WTA,2025,Kalinskaya A.,39,0,0.018890
WTA,2025,Stojanovic N.,172,0,0.035426
WTA,2025,Kenin S.,28,0,0.032592
WTA,2025,Townsend T.,99,0,0.018192
WTA,2025,Kostyuk M.,26,0,0.050111
WTA,2025,Erjavec V.,171,0,0.060223
WTA,2025,Krejcikova B.,16,0,0.007364
WTA,2025,Eala A.,56,0,0.021889
WTA,2025,Kudermetova V.,46,0,0.013997
WTA,2025,Zhu L.,307,0,0.017651
WTA,2025,Kvitova P.,572,0,0.158649
WTA,2025,Navarro E.,10,0,0.051621
WTA,2025,Lamens S.,69,0,0.073678
WTA,2025,Jovic I.,89,0,0.022586
WTA,2025,Linette M.,29,0,0.032000
WTA,2025,Jacquemot E.,113,0,0.033144
WTA,2025,McNally C.,208,0,0.003877
WTA,2025,Burrage J.,154,0,0.027871
WTA,2025,Pegula J.,3,0,0.138702
WTA,2025,Cocciaretto E.,116,0,0.019974
WTA,2025,Swiatek I.,4,1,0.017283
WTA,2025,Kudermetova P.,64,0,0.030087
WTA,2025,Tauson C.,22,0,0.030218
WTA,2025,Watson H.,143,0,0.296222
WTA,2025,Teichmann J.,93,0,0.024665
WTA,2025,Bronzetti L.,63,0,0.263672
WTA,2025,Volynets K.,98,0,0.010602
WTA,2025,Maria T.,45,0,0.311728
WTA,2025,Wang X.I.N.,32,0,0.315588
WTA,2025,Muchova K.,14,0,0.004941
WTA,2025,Yastremska D.,42,0,0.027906
WTA,2025,Gauff C.,2,0,0.026271
WTA,2025,Zheng Q.,6,0,0.015094
WTA,2025,Siniakova K.,81,0,0.003292
